{"train/training_loss": 0.034998320043087006, "epoch": 9, "_timestamp": 1653151892, "_runtime": 190, "_step": 19, "train/Training acc": 0.9980411361410382, "val/Validation Acc": 0.35900783289817234, "val/Validation Auc": 0.2815838270081601, "val/Validation Loss": 7.206252659981449, "best_auc_score": 0.4272184690058559, "best_acc_score": 0.39490861618798956, "_wandb": {"runtime": 193}}