{"train/training_loss": 9.648426839703461e-07, "epoch": 19, "_timestamp": 1653603842, "_runtime": 1900, "_step": 59, "train/Training acc": 0.9999444444444444, "val/Validation Acc": 0.978572693465557, "val/Validation Auc": 0.974423792795959, "val/Validation Loss": 0.3086229382462573, "best_auc_score": 0.9746270640727113, "best_acc_score": 0.9789268638214982, "_wandb": {"runtime": 1907}}