{"train/training_loss": 0.27203625440597534, "epoch": 2, "_timestamp": 1653152018, "_runtime": 94, "_step": 4, "train/Training acc": 0.8240287300032648, "val/Validation Acc": 0.185378590078329, "val/Validation Auc": 0.05126406888042048, "val/Validation Loss": 4.285506658256054, "best_auc_score": 0.05126406888042048, "best_acc_score": 0.185378590078329}