{"train/training_loss": 0.32656657695770264, "epoch": 3, "_timestamp": 1653152454, "_runtime": 135, "_step": 6, "train/Training acc": 0.8111929894443338, "val/Validation Acc": 0.4640992167101828, "val/Validation Auc": 0.2592730197901683, "val/Validation Loss": 1.193391237097482, "best_auc_score": 0.26179365869288085, "best_acc_score": 0.4758485639686684}